frame,landmark_id,name,x,y,visibility,dx,dy,spd_sum
0,0,wrist,0.4463158845901489,0.6199192404747009,0.0,0.0,0.0,0.0
0,8,index_tip,0.4753623902797699,0.45760273933410645,0.0,0.0,0.0,0.0
1,0,wrist,0.41475847363471985,0.5663283467292786,0.0,-0.03155741095542908,-0.05359089374542236,0.15432623028755188
1,8,index_tip,0.4775840938091278,0.524558961391449,0.0,0.00222170352935791,0.06695622205734253,0.15432623028755188
9,0,wrist,0.38327378034591675,0.5080055594444275,0.0,-0.0314846932888031,-0.058322787284851074,0.2049662470817566
9,8,index_tip,0.5682514905929565,0.5000675916671753,0.0,0.09066739678382874,-0.02449136972427368,0.2049662470817566
11,0,wrist,0.2254917025566101,0.46337416768074036,0.0,-0.15778207778930664,-0.044631391763687134,0.44893497228622437
11,8,index_tip,0.39001595973968506,0.4317816197872162,0.0,-0.17823553085327148,-0.0682859718799591,0.44893497228622437
12,0,wrist,0.2518273591995239,0.4517040550708771,0.0,0.02633565664291382,-0.011670112609863281,0.07370412349700928
12,8,index_tip,0.35854050517082214,0.43600451946258545,0.0,-0.031475454568862915,0.004222899675369263,0.07370412349700928
13,0,wrist,0.24675028026103973,0.451688289642334,0.0,-0.005077078938484192,-1.576542854309082e-05,0.038696274161338806
13,8,index_tip,0.36473920941352844,0.4085997939109802,0.0,0.006198704242706299,-0.027404725551605225,0.038696274161338806
14,0,wrist,0.2602956295013428,0.43439221382141113,0.0,0.01354534924030304,-0.01729607582092285,0.10578955709934235
14,8,index_tip,0.3148851692676544,0.3835057020187378,0.0,-0.04985404014587402,-0.02509409189224243,0.10578955709934235
15,0,wrist,0.2548055946826935,0.42886054515838623,0.0,-0.005490034818649292,-0.005531668663024902,0.03181600570678711
15,8,index_tip,0.30101895332336426,0.37657761573791504,0.0,-0.013866215944290161,-0.006928086280822754,0.03181600570678711
