frame,landmark_id,name,x,y,visibility,dx,dy,spd_sum
0,0,wrist,0.35626164078712463,0.546367883682251,0.0,0.0,0.0,0.0
0,8,index_tip,0.45424097776412964,0.3825402557849884,0.0,0.0,0.0,0.0
1,0,wrist,0.363154798746109,0.5135398507118225,0.0,0.006893157958984375,-0.03282803297042847,0.2037833333015442
1,8,index_tip,0.4378282129764557,0.5301896333694458,0.0,-0.01641276478767395,0.1476493775844574,0.2037833333015442
7,0,wrist,0.7349812388420105,0.8859291672706604,0.0,0.3718264400959015,0.3723893165588379,1.0289959609508514
7,8,index_tip,0.38529172539711,0.7624333500862122,0.0,-0.0525364875793457,0.23224371671676636,1.0289959609508514
8,0,wrist,0.7476701140403748,0.9112280607223511,0.0,0.012688875198364258,0.025298893451690674,0.3123272657394409
8,8,index_tip,0.34050098061561584,0.991982102394104,0.0,-0.04479074478149414,0.22954875230789185,0.3123272657394409
10,0,wrist,0.3756752908229828,0.7178018093109131,0.0,-0.37199482321739197,-0.193426251411438,1.2493718564510345
10,8,index_tip,0.363821804523468,0.3313521444797516,0.0,0.023320823907852173,-0.6606299579143524,1.2493718564510345
11,0,wrist,0.37525856494903564,0.708264946937561,0.0,-0.00041672587394714355,-0.00953686237335205,0.023518085479736328
11,8,index_tip,0.37291717529296875,0.335821270942688,0.0,0.009095370769500732,0.004469126462936401,0.023518085479736328
12,0,wrist,0.37851834297180176,0.7010084986686707,0.0,0.0032597780227661133,-0.007256448268890381,0.02689981460571289
12,8,index_tip,0.38389500975608826,0.3412270247936249,0.0,0.010977834463119507,0.00540575385093689,0.02689981460571289
13,0,wrist,0.37967926263809204,0.6926586627960205,0.0,0.0011609196662902832,-0.008349835872650146,0.013074487447738647
13,8,index_tip,0.3829863369464874,0.3385719656944275,0.0,-0.0009086728096008301,-0.0026550590991973877,0.013074487447738647
14,0,wrist,0.37251344323158264,0.682965874671936,0.0,-0.007165819406509399,-0.009692788124084473,0.027621805667877197
14,8,index_tip,0.37412703037261963,0.340475857257843,0.0,-0.008859306573867798,0.0019038915634155273,0.027621805667877197
15,0,wrist,0.37497514486312866,0.679025411605835,0.0,0.0024617016315460205,-0.003940463066101074,0.013800114393234253
15,8,index_tip,0.37822678685188293,0.33717766404151917,0.0,0.004099756479263306,-0.0032981932163238525,0.013800114393234253
