frame,landmark_id,name,x,y,visibility,dx,dy,spd_sum
3,0,wrist,0.6766211986541748,0.1912558674812317,0.0,0.0,0.0,0.0
3,8,index_tip,0.5557498931884766,0.08376406133174896,0.0,0.0,0.0,0.0
6,0,wrist,0.6573234796524048,0.49833884835243225,0.0,-0.01929771900177002,0.30708298087120056,1.2630364745855331
6,8,index_tip,0.4528005123138428,0.9174704551696777,0.0,-0.10294938087463379,0.8337063938379288,1.2630364745855331
7,0,wrist,0.6975172758102417,0.4454759955406189,0.0,0.040193796157836914,-0.052862852811813354,0.22339460253715515
7,8,index_tip,0.4345594048500061,0.8053736090660095,0.0,-0.01824110746383667,-0.11209684610366821,0.22339460253715515
8,0,wrist,0.7079712152481079,0.4133426547050476,0.0,0.010453939437866211,-0.03213334083557129,0.09840002655982971
8,8,index_tip,0.4290454089641571,0.7550748586654663,0.0,-0.005513995885848999,-0.05029875040054321,0.09840002655982971
11,0,wrist,0.49294915795326233,0.7238255739212036,0.0,-0.21502205729484558,0.310482919216156,0.7767233848571777
11,8,index_tip,0.48389434814453125,0.5587053894996643,0.0,0.054848939180374146,-0.196369469165802,0.7767233848571777
12,0,wrist,0.4865422248840332,0.745855450630188,0.0,-0.006406933069229126,0.022029876708984375,0.04839104413986206
12,8,index_tip,0.47136786580085754,0.5661331415176392,0.0,-0.012526482343673706,0.0074277520179748535,0.04839104413986206
13,0,wrist,0.4918082654476166,0.692119836807251,0.0,0.005266040563583374,-0.05373561382293701,0.09287139773368835
13,8,index_tip,0.4743516743183136,0.5352472066879272,0.0,0.0029838085174560547,-0.030885934829711914,0.09287139773368835
14,0,wrist,0.5090590119361877,0.6854546666145325,0.0,0.017250746488571167,-0.006665170192718506,0.05769190192222595
14,8,index_tip,0.4938129484653473,0.5209324955940247,0.0,0.01946127414703369,-0.014314711093902588,0.05769190192222595
15,0,wrist,0.5208015441894531,0.6730338335037231,0.0,0.01174253225326538,-0.012420833110809326,0.034503936767578125
15,8,index_tip,0.4894903600215912,0.5149145126342773,0.0,-0.0043225884437561035,-0.0060179829597473145,0.034503936767578125
